Wall time,Step,Value
1658251425.3104808,27880,-0.26530611515045166
1658251954.0682986,105944,-0.2199999988079071
1658252788.5246422,228616,-0.10000000149011612
1658253052.1970158,267648,-0.07000000029802322
1658253089.9654615,273224,-0.07000000029802322
1658253623.7297075,351288,-0.14000000059604645
1658253663.6510017,356864,-0.17000000178813934
1658253971.254446,401472,-0.10000000149011612
1658254200.666538,434928,-0.10000000149011612
1658254393.7703161,462808,-0.09000000357627869
1658254666.3169653,501840,-0.11999999731779099
1658255043.601846,557600,-0.18000000715255737
1658255197.8174565,579904,-0.10999999940395355
1658255347.949294,602208,-0.11999999731779099
1658255873.1150272,680272,-0.15000000596046448
1658256139.764045,719304,-0.10999999940395355
1658256215.6130369,730456,-0.10999999940395355
1658256741.545148,808520,-0.10000000149011612
1658256855.8980916,825248,-0.07999999821186066
1658257241.1700408,881008,-0.03999999910593033
1658257353.0756187,897736,-0.03999999910593033
1658257429.8487253,908888,-0.019999999552965164
1658257506.4015853,920040,-0.05999999865889549
1658257810.7112439,964648,-0.10999999940395355
1658258536.2807314,1070592,-0.09000000357627869
1658258993.209061,1137504,-0.05000000074505806
1658259071.4703517,1148656,-0.05000000074505806
1658260005.1653004,1282480,-0.09000000357627869
1658260575.9065824,1366120,-0.009999999776482582
1658260612.6424599,1371696,-0.05999999865889549
1658261105.772751,1444184,-0.03999999910593033
1658261145.111122,1449760,-0.009999999776482582
1658261602.7132356,1516672,0.019999999552965164
1658261717.5231476,1533400,-0.03999999910593033
1658262020.9094603,1578008,-0.03999999910593033
1658262136.7985685,1594736,0.019999999552965164
1658262519.518992,1650496,-0.03999999910593033
1658263327.4495983,1767592,-0.019999999552965164
1658263437.3954027,1784320,-0.029999999329447746
1658263552.8910768,1801048,-0.05999999865889549
1658264479.177924,1934872,-0.029999999329447746
1658264979.3617728,2001784,-0.009999999776482582
1658265225.687007,2035240,0.0
1658265305.8597617,2046392,0.019999999552965164
1658265788.7946992,2113304,-0.05000000074505806
1658266117.9579744,2157912,-0.029999999329447746
1658266278.1356356,2180216,-0.05999999865889549
1658266357.9709082,2191368,-0.12999999523162842
1658266764.5632854,2247128,-0.07000000029802322
1658266844.3874059,2258280,-0.10000000149011612
1658267294.5990915,2319616,0.009999999776482582
1658267581.7372475,2358648,-0.10999999940395355
1658268154.680038,2436712,0.009999999776482582
1658268197.2067978,2442288,-0.019999999552965164
1658268273.926112,2453440,-0.07000000029802322
1658268546.7268887,2492472,-0.03999999910593033
1658269126.1593454,2576112,-0.019999999552965164
1658269282.512768,2598416,-0.019999999552965164
1658269630.0417385,2648600,0.05000000074505806
1658269670.4194183,2654176,0.03999999910593033
1658269863.9564679,2682056,0.019999999552965164
1658269901.1713939,2687632,0.03999999910593033
1658270133.1154728,2721088,0.029999999329447746
1658271025.7075255,2849336,-0.05000000074505806
1658271102.701335,2860488,-0.05999999865889549
1658271143.2177045,2866064,-0.029999999329447746
1658271181.9646082,2871640,-0.03999999910593033
1658271297.6520905,2888368,-0.009999999776482582
1658271920.0447447,2977584,-0.029999999329447746
1658272041.3162081,2994312,0.07000000029802322
1658272122.788301,3005464,-0.019999999552965164
1658272201.3617566,3016616,-0.029999999329447746
1658272445.3111365,3050072,0.05000000074505806
1658272688.1169581,3083528,-0.07999999821186066
1658272847.9736626,3105832,-0.03999999910593033
1658273084.2906222,3139288,0.019999999552965164
1658273165.3006651,3150440,0.05999999865889549
1658273327.7313902,3172744,-0.07000000029802322
1658274219.6292303,3295416,0.0
1658274383.724249,3317720,0.019999999552965164
1658274462.9176328,3328872,0.03999999910593033
1658275570.8624883,3479424,0.0
1658275767.1188786,3507304,-0.05999999865889549
1658275804.7558417,3512880,0.0
1658276117.3268764,3557488,0.10000000149011612
1658276348.2194967,3590944,0.0
1658276389.2425287,3596520,0.0
1658276929.4292421,3674584,-0.03999999910593033
1658277279.2460306,3724768,0.029999999329447746
1658277582.6062143,3769376,-0.07000000029802322
1658278247.280554,3864168,-0.019999999552965164
1658278323.9381628,3875320,-0.029999999329447746
1658279382.8327775,4025872,-0.03999999910593033
1658279540.6884677,4048176,-0.009999999776482582
1658279782.8772318,4081632,-0.029999999329447746
1658280313.234849,4154120,-0.03999999910593033
1658281118.8766515,4265640,-0.029999999329447746
1658281567.7365382,4326976,0.0
1658281606.3489962,4332552,0.0
1658281847.2862897,4366008,-0.05000000074505806
1658282087.0135775,4399464,0.009999999776482582
1658282731.0977843,4488680,-0.029999999329447746
1658282771.9488935,4494256,-0.05999999865889549
1658282848.2775545,4505408,-0.009999999776482582
1658283315.3036609,4572320,-0.019999999552965164
1658283834.6161036,4644808,-0.03999999910593033
1658284843.2883527,4784208,-0.03999999910593033
1658285205.406812,4834392,-0.05000000074505806
1658285408.4846244,4862272,-0.009999999776482582
1658286013.7309325,4945912,-0.05999999865889549
1658286458.9933915,5007248,-0.05000000074505806
1658286622.2059324,5029552,-0.019999999552965164
1658287756.442562,5191256,0.019999999552965164
1658288222.4867468,5258168,-0.03999999910593033
1658288492.9170523,5297200,-0.12999999523162842
1658290442.2022128,5576000,-0.07000000029802322
1658290557.273202,5592728,-0.07999999821186066
1658290635.6606123,5603880,-0.03999999910593033
1658291063.0963006,5665216,0.0
1658291343.1661675,5704248,-0.029999999329447746
1658291499.9151886,5726552,-0.09000000357627869
1658291576.0760775,5737704,-0.09000000357627869
1658291922.7279432,5787888,-0.05999999865889549
1658292653.3726754,5893832,-0.03999999910593033
1658293198.5195296,5971896,-0.14000000059604645
1658293237.9502602,5977472,-0.10000000149011612
1658293314.7407157,5988624,-0.029999999329447746
1658293470.3192976,6010928,-0.019999999552965164
1658293827.049918,6061112,-0.09000000357627869
1658294292.8300328,6128024,0.0
1658294449.9975607,6150328,-0.07000000029802322
1658294527.2980447,6161480,-0.07000000029802322
1658294645.0964928,6178208,-0.11999999731779099
1658294721.9107466,6189360,-0.07999999821186066
1658294802.211121,6200512,-0.05999999865889549
1658295184.9918344,6256272,0.029999999329447746
1658295340.0361843,6278576,-0.03999999910593033
1658295609.9661407,6317608,-0.05000000074505806
1658295687.4987986,6328760,-0.029999999329447746
1658296147.8251326,6395672,0.05000000074505806
1658296339.880805,6423552,0.019999999552965164
1658296378.7508376,6429128,0.009999999776482582
1658296844.917802,6496040,-0.009999999776482582
1658297235.048021,6551800,-0.03999999910593033
1658297311.9109297,6562952,-0.029999999329447746
1658297618.5127492,6607560,-0.019999999552965164
1658297970.2011082,6657744,-0.019999999552965164
1658298006.2888663,6663320,0.019999999552965164
1658298782.1360567,6774840,-0.029999999329447746
1658298937.8665166,6797144,-0.019999999552965164
1658299209.911997,6836176,-0.029999999329447746
1658300015.783923,6953272,0.0
1658300211.5750034,6981152,-0.05000000074505806
1658300249.0993993,6986728,-0.07999999821186066
1658300326.0726533,6997880,-0.05999999865889549
1658300442.0749943,7014608,-0.05000000074505806
1658300598.78099,7036912,-0.05000000074505806
1658300833.2404218,7070368,-0.09000000357627869
1658300987.5051677,7092672,-0.09000000357627869
1658301179.6937063,7120552,0.009999999776482582
1658301416.2891521,7154008,-0.029999999329447746
1658302033.238445,7243224,-0.009999999776482582
1658302343.7118866,7287832,-0.03999999910593033
1658302962.8558114,7377048,-0.009999999776482582
1658303078.9685853,7393776,-0.07999999821186066
1658303851.2106175,7505296,-0.05999999865889549
1658304428.6136796,7588936,0.029999999329447746
1658304584.2958655,7611240,-0.03999999910593033
1658305008.447653,7672576,-0.03999999910593033
1658305044.2198296,7678152,-0.07000000029802322
1658305198.801664,7700456,-0.07000000029802322
1658306636.9521027,7906768,-0.05999999865889549
1658307449.0615265,8023864,-0.05000000074505806
1658307487.7992973,8029440,-0.029999999329447746
1658308191.0118427,8129808,-0.09000000357627869
1658308229.9193747,8135384,-0.12999999523162842
1658308346.8978124,8152112,-0.009999999776482582
1658308853.2190487,8224600,-0.10000000149011612
1658308930.2644598,8235752,-0.12999999523162842
1658309359.6411533,8297088,-0.05999999865889549
1658309478.888426,8313816,-0.05999999865889549
1658309634.516024,8336120,-0.05999999865889549
1658309947.800119,8380728,-0.009999999776482582
1658310258.7206645,8425336,-0.019999999552965164
1658310373.4871902,8442064,-0.019999999552965164
1658310492.9393182,8458792,-0.03999999910593033
1658310958.436604,8525704,-0.05999999865889549
1658311341.1309686,8581464,0.019999999552965164
1658311730.3980825,8637224,0.0
1658311850.7233725,8653952,0.009999999776482582
1658312392.7198465,8732016,-0.029999999329447746
1658312511.4844553,8748744,-0.009999999776482582
1658312703.9076211,8776624,-0.07000000029802322
1658312822.4931328,8793352,-0.07999999821186066
1658313169.3513892,8843536,-0.07999999821186066
1658313591.8506813,8904872,-0.09000000357627869
1658313789.6728067,8932752,-0.05000000074505806
1658313866.747815,8943904,-0.10999999940395355
1658314830.671947,9077728,-0.05000000074505806
1658315139.4301443,9122336,-0.10000000149011612
1658315218.0044487,9133488,-0.10999999940395355
1658315603.4036305,9189248,-0.05999999865889549
1658315872.5735974,9228280,-0.05000000074505806
1658316487.4513676,9317496,-0.019999999552965164
1658316834.329748,9367680,-0.029999999329447746
1658317071.2042952,9401136,0.009999999776482582
1658317418.3303707,9451320,-0.09000000357627869
1658317726.0939825,9495928,-0.03999999910593033
1658317803.6411688,9507080,-0.029999999329447746
1658317917.1040556,9523808,-0.03999999910593033
1658318071.4881153,9546112,-0.07000000029802322
1658318343.9935708,9585144,-0.07999999821186066
1658318539.8815036,9613024,-0.029999999329447746
1658318807.591163,9652056,-0.029999999329447746
1658319390.3850555,9735696,-0.019999999552965164
1658320542.370324,9902976,-0.07999999821186066
1658320619.6175046,9914128,-0.05000000074505806
1658321086.3275368,9981040,-0.019999999552965164
1658321199.532915,9997768,-0.07000000029802322
1658321513.3580098,10042376,0.009999999776482582
1658322243.679345,10148320,-0.03999999910593033
1658323319.0131197,10304448,-0.07000000029802322
1658323472.1080277,10326752,0.029999999329447746
1658323813.6356175,10376936,0.0
1658324005.3307745,10404816,-0.019999999552965164
1658324082.0163262,10415968,-0.029999999329447746
1658324893.562401,10533064,-0.03999999910593033
1658325312.0693104,10594400,-0.019999999552965164
1658325429.6113582,10611128,-0.05000000074505806
1658325664.092772,10644584,0.029999999329447746
1658325700.3891275,10650160,0.019999999552965164
1658326285.4551234,10733800,-0.019999999552965164
1658326321.721461,10739376,-0.009999999776482582
1658326746.4284973,10800712,-0.09000000357627869
1658326902.2748883,10823016,0.029999999329447746
1658327093.4545436,10850896,0.0
1658327170.011516,10862048,0.019999999552965164
1658327668.5261633,10934536,-0.03999999910593033
1658327710.5920966,10940112,-0.03999999910593033
1658327825.3314254,10956840,-0.07000000029802322
1658327902.7780583,10967992,-0.07000000029802322
1658328324.8397136,11029328,-0.05000000074505806
1658328401.7783587,11040480,-0.009999999776482582
1658328707.0744073,11085088,0.0
1658328746.9590878,11090664,-0.019999999552965164
1658331912.8318055,11547896,-0.09000000357627869
1658332255.8135042,11598080,0.019999999552965164
1658332641.7956083,11653840,-0.03999999910593033
1658333062.3595548,11715176,-0.05000000074505806
1658333408.6218529,11765360,-0.07999999821186066
1658333603.1743166,11793240,-0.07000000029802322
1658333639.9015675,11798816,-0.019999999552965164
1658333796.7378268,11821120,-0.019999999552965164
1658333836.0845733,11826696,-0.05000000074505806
1658334104.583261,11865728,0.019999999552965164
1658334554.1539037,11932640,-0.029999999329447746
1658335710.4018798,12099920,-0.019999999552965164
1658336671.5572298,12239320,-0.029999999329447746
1658337248.2239578,12322960,0.0
1658337478.4607396,12356416,-0.09000000357627869
1658337858.069022,12412176,0.019999999552965164
1658338394.2624187,12490240,-0.03999999910593033
1658338587.8122356,12518120,-0.10000000149011612
1658339086.0817535,12590608,-0.07000000029802322
1658340003.02521,12724432,-0.05999999865889549
1658340927.978753,12858256,-0.05999999865889549
1658341348.9745371,12919592,-0.019999999552965164
1658341464.1899185,12936320,-0.05000000074505806
1658341959.6919096,13008808,-0.09000000357627869
1658342345.3269916,13064568,0.019999999552965164
1658342995.5569692,13159360,-0.019999999552965164
1658344141.3482757,13326640,-0.05000000074505806
1658344294.7873836,13348944,-0.05000000074505806
1658344337.2541928,13354520,-0.05999999865889549
1658344495.0576582,13376824,-0.03999999910593033
1658345948.893076,13588712,-0.10000000149011612
1658346138.5183496,13616592,-0.05000000074505806
1658346641.3381908,13689080,-0.03999999910593033
1658346944.3027537,13733688,-0.05999999865889549
1658347056.9287488,13750416,-0.029999999329447746
1658347819.4054768,13861936,-0.10000000149011612
1658348127.9429407,13906544,-0.07000000029802322
1658348320.6827934,13934424,-0.05000000074505806
1658348512.9663558,13962304,-0.019999999552965164
1658349045.3014617,14040368,-0.09000000357627869
1658349122.1198552,14051520,-0.07000000029802322
1658349462.0644648,14101704,-0.07999999821186066
1658349537.6530843,14112856,-0.10000000149011612
1658350902.7183337,14313592,-0.019999999552965164
1658351337.2488468,14374928,-0.009999999776482582
1658351375.8893185,14380504,-0.05000000074505806
1658351756.025825,14436264,-0.10000000149011612
1658351910.755266,14458568,-0.10000000149011612
1658352178.3786364,14497600,0.009999999776482582
1658352443.07877,14536632,-0.10000000149011612
1658352939.18502,14609120,-0.05000000074505806
1658353244.0055668,14653728,-0.07999999821186066
1658353284.862397,14659304,-0.11999999731779099
1658353552.6297407,14698336,-0.10000000149011612
1658353704.5652456,14720640,-0.10000000149011612
1658353740.2818286,14726216,-0.09000000357627869
1658353856.3516457,14742944,-0.07999999821186066
1658354572.1140828,14848888,0.009999999776482582
1658354881.4055452,14893496,-0.029999999329447746
1658354917.6047614,14899072,-0.05999999865889549
1658355032.0023513,14915800,-0.03999999910593033
1658355298.5647664,14954832,-0.05000000074505806
1658355413.3069575,14971560,-0.07999999821186066
1658355489.5565395,14982712,-0.09000000357627869
1658355602.8635628,14999440,-0.10999999940395355
1658355757.3010943,15021744,-0.05999999865889549
1658356099.9131393,15071928,-0.05000000074505806
1658356328.7663956,15105384,-0.05000000074505806
1658356519.2260206,15133264,-0.05999999865889549
1658356668.368316,15155568,-0.10000000149011612
1658357129.0341578,15222480,-0.03999999910593033
1658357166.0216243,15228056,-0.07999999821186066
1658357317.3992188,15250360,-0.05999999865889549
1658357508.515659,15278240,-0.07000000029802322
1658357544.6844056,15283816,-0.07000000029802322
1658357581.6601233,15289392,-0.029999999329447746
1658358043.5415483,15356304,-0.09000000357627869
1658358080.4031684,15361880,-0.09000000357627869
1658358119.0974574,15367456,-0.10999999940395355
1658358307.6007395,15395336,-0.10000000149011612
1658358498.3055563,15423216,-0.019999999552965164
1658358610.6995049,15439944,-0.029999999329447746
1658358806.9178834,15467824,-0.07999999821186066
1658359002.2348578,15495704,-0.05999999865889549
1658359271.4463987,15534736,-0.09000000357627869
1658360315.0358386,15685288,-0.03999999910593033
1658361152.6122036,15807960,-0.05000000074505806
1658361539.0335422,15863720,0.0
1658362189.5874243,15958512,-0.03999999910593033
1658362227.089554,15964088,-0.05999999865889549
1658362958.4095376,16070032,-0.05000000074505806
1658363340.4302223,16125792,-0.05000000074505806
1658364375.3754115,16276344,-0.019999999552965164
1658364489.4227247,16293072,-0.03999999910593033
1658364995.1645048,16365560,-0.009999999776482582
1658365683.1828387,16465928,-0.019999999552965164
1658365801.8211334,16482656,-0.009999999776482582
1658366071.7969458,16521688,0.0
1658366187.4104848,16538416,0.0
1658366496.0212436,16583024,-0.019999999552965164
1658366992.0187144,16655512,-0.07000000029802322
1658367378.1553702,16711272,-0.029999999329447746
1658368275.9228377,16839520,0.009999999776482582
1658368843.26157,16923160,0.009999999776482582
1658369341.1770794,16995648,-0.05000000074505806
1658370715.5377316,17196384,-0.029999999329447746
1658370753.8921592,17201960,0.0
1658371217.644788,17268872,-0.019999999552965164
1658371487.8419368,17307904,0.009999999776482582
1658371525.7758837,17313480,0.019999999552965164
1658371564.704203,17319056,0.029999999329447746
1658371791.0887513,17352512,-0.019999999552965164
1658371946.2561455,17374816,-0.009999999776482582
1658372096.382205,17397120,0.009999999776482582
1658372137.4796598,17402696,0.019999999552965164
1658372173.6536627,17408272,0.03999999910593033
1658372362.783696,17436152,-0.009999999776482582
1658372440.5706813,17447304,-0.009999999776482582
1658373092.9163628,17542096,-0.03999999910593033
1658374170.6550725,17698224,-0.019999999552965164
1658374363.2824657,17726104,0.0
1658374819.2647095,17793016,-0.029999999329447746
1658374894.978081,17804168,-0.07999999821186066
1658375158.6350188,17843200,-0.10999999940395355
1658375347.8196757,17871080,-0.05000000074505806
1658375849.3733852,17943568,0.009999999776482582
1658375963.0032568,17960296,-0.05999999865889549
1658376042.7712374,17971448,0.009999999776482582
1658376306.1323888,18010480,-0.03999999910593033
1658376772.397886,18077392,0.0
1658377729.6715176,18211216,0.019999999552965164
1658377844.6886837,18227944,-0.03999999910593033
1658378997.762571,18395224,-0.029999999329447746
1658379316.007,18439832,-0.019999999552965164
1658380632.9843879,18629416,-0.03999999910593033
1658381252.0812783,18718632,-0.019999999552965164
1658381598.0191777,18768816,0.0
1658381948.794115,18819000,-0.03999999910593033
1658382067.9816234,18835728,-0.029999999329447746
1658382148.9014983,18846880,-0.019999999552965164
1658382340.3805637,18874760,-0.019999999552965164
1658382378.3696635,18880336,-0.03999999910593033
1658382697.5344877,18924944,-0.03999999910593033
1658383120.1492662,18986280,-0.019999999552965164
1658383663.5951087,19064344,-0.029999999329447746
1658383816.6090395,19086648,0.0
1658383972.205894,19108952,-0.05000000074505806
1658384279.0599399,19153560,0.029999999329447746
1658384476.5083063,19181440,-0.019999999552965164
1658385332.0529308,19304112,-0.009999999776482582
1658385602.8795476,19343144,-0.05999999865889549
1658386207.8117242,19426784,0.009999999776482582
1658386251.7356908,19432360,-0.03999999910593033
1658386290.4333332,19437936,-0.029999999329447746
1658386534.6741092,19471392,-0.029999999329447746
1658386616.7709959,19482544,-0.019999999552965164
1658386890.8302715,19521576,-0.10000000149011612
1658387454.2340512,19599640,-0.07000000029802322
1658387907.9141495,19666552,-0.029999999329447746
1658388590.0160198,19766920,-0.009999999776482582
1658388818.9727185,19800376,-0.03999999910593033
1658389122.1896179,19844984,-0.07999999821186066
1658389423.3764875,19889592,0.009999999776482582
1658389540.4554725,19906320,-0.019999999552965164
1658389801.4835322,19945352,0.019999999552965164
1658390225.378204,20006688,-0.009999999776482582
1658390261.4780407,20012264,-0.03999999910593033
1658390717.3284183,20079176,-0.05000000074505806
1658391212.153761,20151664,0.0
1658391251.8716366,20157240,0.019999999552965164
1658391289.04055,20162816,0.0
1658391326.7499568,20168392,0.019999999552965164
1658391863.1461644,20246456,-0.07000000029802322
1658392776.2876534,20380280,-0.009999999776482582
1658392890.5935986,20397008,-0.009999999776482582
1658392967.8694162,20408160,0.019999999552965164
1658393046.1476529,20419312,-0.05999999865889549
1658393160.0116773,20436040,-0.019999999552965164
1658393313.9964137,20458344,-0.03999999910593033
1658393426.6513815,20475072,-0.03999999910593033
1658393463.1189785,20480648,-0.05999999865889549
1658394159.0707183,20581016,-0.009999999776482582
1658394556.9310572,20636776,-0.03999999910593033
1658395017.243924,20703688,0.0
1658395210.1628718,20731568,0.0
1658395786.6488616,20815208,0.0
1658396293.497392,20887696,-0.05000000074505806
1658396329.2279546,20893272,-0.03999999910593033
1658396406.0058637,20904424,-0.019999999552965164
1658396600.262909,20932304,-0.03999999910593033
1658396638.4366634,20937880,-0.07000000029802322
1658396904.7506673,20976912,-0.009999999776482582
1658396981.5327652,20988064,0.019999999552965164
1658397636.3603811,21082856,-0.05999999865889549
1658397718.8633664,21094008,-0.10000000149011612
1658397756.618101,21099584,-0.07999999821186066
1658397921.0778553,21121888,-0.029999999329447746
1658398044.5108824,21138616,-0.05999999865889549
1658398957.5342808,21266864,-0.019999999552965164
1658399341.3148263,21322624,-0.009999999776482582
1658400333.0069568,21462024,0.019999999552965164
1658400409.676644,21473176,-0.03999999910593033
1658400799.2734807,21528936,-0.05999999865889549
1658401154.1586285,21579120,0.019999999552965164
1658401271.2019765,21595848,-0.03999999910593033
1658402437.6538353,21763128,-0.05999999865889549
1658402792.1052732,21813312,-0.03999999910593033
1658402944.5020397,21835616,-0.05000000074505806
1658403177.6976118,21869072,0.029999999329447746
1658403640.486151,21935984,-0.009999999776482582
1658403755.485612,21952712,0.03999999910593033
1658404410.600286,22047504,-0.009999999776482582
1658404563.7092905,22069808,0.0
1658404917.7861645,22119992,0.029999999329447746
1658405271.0486016,22170176,-0.019999999552965164
1658405505.5607846,22203632,-0.05000000074505806
1658405693.6170037,22231512,0.009999999776482582
1658406536.8702605,22354184,-0.019999999552965164
1658406689.3722591,22376488,-0.019999999552965164
1658406764.1048226,22387640,0.009999999776482582
1658407107.1015797,22437824,-0.07000000029802322
1658407298.4026046,22465704,-0.019999999552965164
1658407535.3615544,22499160,-0.029999999329447746
1658407764.4943078,22532616,0.009999999776482582
1658408030.6661465,22571648,-0.05000000074505806
1658409453.006973,22777960,-0.019999999552965164
1658410418.9477298,22917360,-0.019999999552965164
1658410646.3741138,22950816,0.03999999910593033
1658410879.7888489,22984272,-0.009999999776482582
1658410997.4501612,23001000,0.0
1658411838.4001327,23123672,0.009999999776482582
1658412222.4570456,23179432,-0.03999999910593033
1658413067.6198642,23302104,0.0
1658413181.5397778,23318832,0.03999999910593033
1658413607.2405403,23380168,-0.009999999776482582
1658414192.9623275,23463808,0.07000000029802322
1658414736.1687727,23541872,-0.009999999776482582
1658414967.2917206,23575328,-0.019999999552965164
1658415701.8204772,23681272,-0.029999999329447746
1658415815.752763,23698000,0.009999999776482582
1658415931.1611996,23714728,0.0
1658415973.9886122,23720304,-0.009999999776482582
1658416124.201347,23742608,0.029999999329447746
1658417042.6255984,23876432,0.009999999776482582
1658418464.1396866,24082744,0.0
1658418658.210166,24110624,0.009999999776482582
1658418852.9653714,24138504,0.019999999552965164
1658419085.3432624,24171960,-0.03999999910593033
1658420705.8324516,24406152,0.05000000074505806
1658420821.9200308,24422880,0.029999999329447746
1658421434.9912963,24512096,-0.07000000029802322
1658421739.0969899,24556704,-0.009999999776482582
1658421890.9276075,24579008,0.09000000357627869
1658422005.188166,24595736,0.019999999552965164
1658422466.869998,24662648,0.009999999776482582
1658422544.8056068,24673800,0.07999999821186066
1658422969.538629,24735136,0.019999999552965164
1658423280.170425,24779744,-0.03999999910593033
1658423703.9531069,24841080,0.029999999329447746
1658424167.7576401,24907992,0.019999999552965164
1658425054.9346964,25036240,0.019999999552965164
1658425284.752808,25069696,-0.029999999329447746
1658425437.1162953,25092000,0.07000000029802322
1658426017.3529925,25175640,0.03999999910593033
1658426439.598554,25236976,0.0
1658426823.029622,25292736,0.10999999940395355
1658426972.580977,25315040,0.009999999776482582
1658427166.5576782,25342920,0.07999999821186066
1658427863.0308187,25443288,0.07000000029802322
1658427938.8877778,25454440,0.05999999865889549
1658428095.3566518,25476744,0.09000000357627869
1658428324.345921,25510200,0.10000000149011612
1658428632.8540494,25554808,0.11999999731779099
1658429549.9289186,25688632,0.09000000357627869
1658429664.5775032,25705360,0.03999999910593033
1658429781.2051206,25722088,0.05000000074505806
1658431190.0119622,25928400,0.10000000149011612
1658431377.306088,25956280,0.10000000149011612
1658431529.8988388,25978584,-0.029999999329447746
1658431568.6097708,25984160,-0.03999999910593033
1658431683.2973402,26000888,0.05999999865889549
1658431878.3022573,26028768,0.07000000029802322
1658432304.774068,26090104,0.1599999964237213
1658432616.3569741,26134712,0.009999999776482582
1658432769.6315072,26157016,0.07000000029802322
1658432847.5292623,26168168,0.09000000357627869
1658433081.1643944,26201624,0.019999999552965164
1658433391.8197289,26246232,0.03999999910593033
1658433429.5497117,26251808,-0.009999999776482582
1658433664.2721033,26285264,0.14000000059604645
1658433780.35712,26301992,0.09000000357627869
1658434321.1537206,26380056,0.12999999523162842
1658434590.1270807,26419088,0.14000000059604645
1658435444.5731049,26541760,0.11999999731779099
1658435715.3207042,26580792,0.1599999964237213
1658435946.5740755,26614248,0.14000000059604645
1658436098.1471493,26636552,0.11999999731779099
1658436139.7274892,26642128,0.10000000149011612
1658437174.5325325,26792680,0.019999999552965164
1658437284.6197567,26809408,0.10999999940395355
1658437402.605456,26826136,0.12999999523162842
1658437558.6528308,26848440,0.15000000596046448
1658438170.563218,26937656,0.11999999731779099
1658438250.8350637,26948808,0.17000000178813934
1658438327.4134715,26959960,0.18000000715255737
1658438364.7886484,26965536,0.15000000596046448
1658438401.097722,26971112,0.15000000596046448
1658438676.9152882,27010144,0.05000000074505806
1658438715.796367,27015720,0.14000000059604645
1658439409.381264,27116088,0.14000000059604645
1658440179.3650558,27227608,0.1899999976158142
1658440677.787316,27300096,0.15000000596046448
1658441177.495245,27372584,0.18000000715255737
1658441253.0237143,27383736,0.1899999976158142
1658441978.7314613,27489680,0.1599999964237213
1658442137.4539094,27511984,0.18000000715255737
1658442410.6606562,27551016,0.1899999976158142
1658442565.1184313,27573320,0.20999999344348907
1658442761.9474125,27601200,0.15000000596046448
1658443954.3708022,27774056,0.2199999988079071
1658444347.6494434,27829816,0.18000000715255737
1658444385.3755786,27835392,0.2199999988079071
1658445607.721661,28013824,0.20000000298023224
1658446518.9335506,28147648,0.20000000298023224
1658447057.5235174,28225712,0.23000000417232513
1658447251.5146918,28253592,0.2199999988079071
1658447744.7916105,28326080,0.1899999976158142
1658447782.8986635,28331656,0.1599999964237213
1658448089.0598693,28376264,0.25999999046325684
1658448168.1429832,28387416,0.17000000178813934
1658448361.6846168,28415296,0.18000000715255737
1658449777.746132,28621608,0.23000000417232513
1658449940.9374268,28643912,0.11999999731779099
1658450090.9948876,28666216,0.12999999523162842
1658450361.6997294,28705248,0.20999999344348907
1658450514.6605678,28727552,0.17000000178813934
1658450551.831043,28733128,0.1899999976158142
1658450626.7779799,28744280,0.23999999463558197
1658450665.9498415,28749856,0.20000000298023224
1658451119.7820873,28816768,0.23000000417232513
1658451883.4388046,28928288,0.23000000417232513
1658452307.970812,28989624,0.18000000715255737
1658452381.584379,29000776,0.20000000298023224
1658452572.588924,29028656,0.25999999046325684
1658452648.1944504,29039808,0.23000000417232513
1658452843.4318037,29067688,0.33000001311302185
1658453074.565644,29101144,0.20999999344348907
1658453334.1258452,29140176,0.17000000178813934
1658453775.7578397,29212664,0.25
1658454255.0489345,29296304,0.18000000715255737
1658454287.3276467,29301880,0.12999999523162842
1658454412.9414895,29324184,0.18000000715255737
1658454540.2280743,29346488,0.1899999976158142
1658454637.3607755,29363216,0.2800000011920929
1658455305.634864,29480312,0.23999999463558197
1658455596.03296,29530496,0.25999999046325684
1658455661.2675338,29541648,0.3199999928474426
1658456336.3610468,29658744,0.23000000417232513
1658456368.011876,29664320,0.23000000417232513
1658456466.8103967,29681048,0.27000001072883606
1658456531.7977226,29692200,0.3199999928474426
1658456662.1650484,29714504,0.3199999928474426
1658456693.9998083,29720080,0.2800000011920929
1658456846.07594,29747960,0.1899999976158142
1658457697.50225,29904088,0.2800000011920929
1658457879.5570574,29937544,0.3100000023841858
1658457938.7497623,29948696,0.3499999940395355
1658458630.6485841,30076944,0.20000000298023224
1658458904.3628073,30127128,0.14000000059604645
1658458935.0935137,30132704,0.20999999344348907
1658459382.247764,30210768,0.25999999046325684
1658459602.2424843,30249800,0.25999999046325684
1658459729.5787027,30272104,0.25999999046325684
1658460275.7371998,30366896,0.23000000417232513
1658460499.085318,30405928,0.23000000417232513
1658460562.6294003,30417080,0.30000001192092896
1658460657.0064158,30433808,0.3799999952316284
1658460720.622783,30444960,0.28999999165534973
1658462165.626992,30695880,0.28999999165534973
1658462322.3952756,30723760,0.3499999940395355
1658462353.8199341,30729336,0.3100000023841858
1658462578.027394,30768368,0.15000000596046448
1658462700.924086,30790672,0.3199999928474426
1658462762.6110728,30801824,0.3100000023841858
1658463431.445448,30924496,0.2199999988079071
1658464095.2623055,31047168,0.36000001430511475
1658464461.1303415,31114080,0.3100000023841858
1658465218.2991064,31253480,0.3199999928474426
1658466411.0430732,31470944,0.3799999952316284
1658466733.2381823,31526704,0.3400000035762787
1658467184.393109,31604768,0.27000001072883606
1658467824.068338,31716288,0.36000001430511475
1658468432.3008657,31822232,0.33000001311302185
1658468653.2470424,31861264,0.3499999940395355
1658468748.5366054,31877992,0.3100000023841858
1658468974.181785,31917024,0.3400000035762787
1658469198.2205944,31956056,0.30000001192092896
1658469293.9272177,31972784,0.33000001311302185
1658469516.4800398,32011816,0.23999999463558197
1658469831.6194518,32067576,0.30000001192092896
1658469891.3670743,32078728,0.27000001072883606
1658469984.2299955,32095456,0.23000000417232513
1658470013.7451549,32101032,0.28999999165534973
1658470043.655679,32106608,0.30000001192092896
1658470075.3849282,32112184,0.3100000023841858
1658470496.1113474,32190248,0.25
1658470771.3824115,32240432,0.33000001311302185
1658471014.740131,32285040,0.3100000023841858
1658472324.9491296,32524808,0.25999999046325684
1658473362.0516057,32714392,0.25
1658473777.474578,32786880,0.25
1658473808.9259017,32792456,0.27000001072883606
1658473873.219459,32803608,0.3400000035762787
1658475125.952087,33021072,0.3499999940395355
1658475993.267234,33171624,0.3799999952316284
1658476154.822303,33199504,0.3499999940395355
1658476250.0872262,33216232,0.3100000023841858
1658476505.9249258,33260840,0.33000001311302185
1658476697.1531954,33294296,0.36000001430511475
1658477043.8891013,33355632,0.33000001311302185
1658477318.903323,33405816,0.3100000023841858
1658477529.9061859,33444848,0.36000001430511475
1658477713.524633,33478304,0.3700000047683716
1658477897.3340237,33511760,0.3100000023841858
1658477927.129229,33517336,0.36000001430511475
1658478963.383444,33706920,0.3700000047683716
1658478995.2291222,33712496,0.4000000059604645
1658479240.4783025,33757104,0.36000001430511475
1658479936.1341176,33885352,0.3100000023841858
1658479997.2147136,33896504,0.36000001430511475
1658480028.3882854,33902080,0.3499999940395355
1658480372.6132796,33963416,0.47999998927116394
1658480909.9155464,34058208,0.30000001192092896
1658481033.297803,34080512,0.30000001192092896
1658481095.2983513,34091664,0.3199999928474426
1658481718.0729234,34203184,0.28999999165534973
1658481871.2432852,34231064,0.36000001430511475
1658481933.892896,34242216,0.3400000035762787
1658481995.471125,34253368,0.3499999940395355
1658482807.1207757,34398344,0.3700000047683716
1658484003.532663,34604656,0.3100000023841858
1658484198.0382464,34638112,0.4000000059604645
1658484524.5935059,34693872,0.3199999928474426
1658484651.180119,34716176,0.3700000047683716
1658484780.6564953,34738480,0.23999999463558197
1658485009.4957726,34777512,0.44999998807907104
1658485234.8702497,34816544,0.3199999928474426
1658485495.534752,34861152,0.3199999928474426
1658486401.6243227,35017280,0.36000001430511475
1658486468.5205681,35028432,0.30000001192092896
1658486686.2132096,35067464,0.3799999952316284
1658486929.5062962,35112072,0.4099999964237213
1658486960.099159,35117648,0.3799999952316284
1658487052.11929,35134376,0.38999998569488525
1658487478.4523797,35212440,0.3400000035762787
1658487906.7730968,35290504,0.2800000011920929
1658488038.8197877,35312808,0.33000001311302185
1658488070.6360118,35318384,0.38999998569488525
1658488103.7870653,35323960,0.3499999940395355
1658488517.7850442,35396448,0.3400000035762787
1658488880.5522869,35457784,0.2800000011920929
1658488912.834351,35463360,0.27000001072883606
1658489074.0856352,35491240,0.3400000035762787
1658489137.9614549,35502392,0.38999998569488525
1658489234.9693675,35519120,0.36000001430511475
1658489588.8361256,35580456,0.3799999952316284
1658490429.711914,35725432,0.4099999964237213
1658491011.1628535,35825800,0.3199999928474426
1658491611.6011474,35931744,0.3799999952316284
1658491797.513524,35965200,0.4000000059604645
1658492106.4415874,36020960,0.4099999964237213
1658492541.439438,36099024,0.38999998569488525
1658493095.1576586,36199392,0.4000000059604645
1658493187.8462033,36216120,0.4399999976158142
1658493219.6850853,36221696,0.46000000834465027
1658494053.4330454,36372248,0.3199999928474426
1658494239.8844538,36405704,0.41999998688697815
1658494335.3235276,36422432,0.33000001311302185
1658494611.7094007,36472616,0.4099999964237213
1658494795.428737,36506072,0.3799999952316284
1658494948.272026,36533952,0.3499999940395355
1658494979.024482,36539528,0.38999998569488525
1658495364.7169316,36606440,0.3499999940395355
1658495525.2630243,36634320,0.4000000059604645
1658496046.414879,36723536,0.38999998569488525
1658496206.5972414,36751416,0.4000000059604645
1658496368.6074445,36779296,0.4300000071525574
1658496499.7332187,36801600,0.4099999964237213
1658497018.8176105,36890816,0.3799999952316284
1658497052.2566836,36896392,0.3700000047683716
1658497475.264985,36968880,0.4399999976158142
1658498123.8661094,37080400,0.3400000035762787
1658498507.0175037,37147312,0.4399999976158142
1658498880.2001162,37214224,0.36000001430511475
1658499962.484531,37409384,0.3799999952316284
1658500178.484538,37448416,0.36000001430511475
1658500332.4496763,37476296,0.41999998688697815
1658500394.6083126,37487448,0.4000000059604645
1658500455.7467728,37498600,0.3700000047683716
1658500640.5929446,37532056,0.4300000071525574
1658500765.6288738,37554360,0.44999998807907104
1658501254.1078157,37643576,0.4300000071525574
1658501598.1041462,37704912,0.3100000023841858
1658501661.2019637,37716064,0.41999998688697815
1658502058.9865785,37788552,0.38999998569488525
1658502151.2498312,37805280,0.4099999964237213
1658502347.9887815,37838736,0.4000000059604645
1658502902.988978,37933528,0.4300000071525574
1658503033.479821,37955832,0.4300000071525574
1658503518.894205,38039472,0.41999998688697815
1658503843.1228924,38095232,0.4099999964237213
1658503939.785327,38111960,0.38999998569488525
1658504037.8848448,38128688,0.3799999952316284
1658504199.9274254,38156568,0.4399999976158142
1658504265.0358384,38167720,0.4000000059604645
1658504462.6514623,38201176,0.38999998569488525
1658504752.8107388,38251360,0.41999998688697815
1658504978.8498998,38290392,0.3799999952316284
1658505108.9374251,38312696,0.4099999964237213
1658505269.6767452,38340576,0.41999998688697815
1658505820.5933266,38435368,0.3700000047683716
1658506496.72343,38558040,0.4099999964237213
1658506557.678888,38569192,0.38999998569488525
1658506653.3563912,38585920,0.4399999976158142
1658506991.5942807,38647256,0.4000000059604645
1658507205.085977,38686288,0.4300000071525574
1658507880.9157615,38808960,0.38999998569488525
1658508375.7116618,38898176,0.38999998569488525
1658508871.63908,38987392,0.3400000035762787
1658509027.5852468,39015272,0.38999998569488525
1658509088.984938,39026424,0.41999998688697815
1658509181.0045063,39043152,0.46000000834465027
1658509527.9596086,39104488,0.4300000071525574
1658509722.6895406,39137944,0.4099999964237213
1658510044.1456609,39193704,0.38999998569488525
1658510076.4049487,39199280,0.4399999976158142
1658510140.5850515,39210432,0.41999998688697815
1658510566.9287019,39282920,0.44999998807907104
1658510856.686147,39333104,0.44999998807907104
1658510889.9689038,39338680,0.33000001311302185
1658511734.2803028,39483656,0.3799999952316284
1658511963.0813835,39522688,0.41999998688697815
1658512709.6692085,39650936,0.3400000035762787
1658512934.8762112,39689968,0.3799999952316284
1658513031.7793248,39706696,0.3700000047683716
1658513219.6619842,39740152,0.3799999952316284
1658514393.9274082,39952040,0.41999998688697815
1658514791.675665,40024528,0.4399999976158142
1658514822.4457428,40030104,0.41999998688697815
1658514882.7967708,40041256,0.4000000059604645
1658515071.8560958,40074712,0.44999998807907104
1658515163.8812013,40091440,0.41999998688697815
1658515722.917605,40191808,0.3799999952316284
1658515971.8966208,40236416,0.38999998569488525
1658516279.3769422,40292176,0.4099999964237213
1658517037.566987,40426000,0.41999998688697815
1658517167.944501,40448304,0.4699999988079071
1658517426.4929185,40492912,0.4000000059604645
1658517557.2899587,40515216,0.38999998569488525
1658517851.0203235,40565400,0.4300000071525574
1658518472.1367517,40671344,0.41999998688697815
1658518767.7009861,40721528,0.38999998569488525
1658518966.5929592,40754984,0.3400000035762787
1658519653.756109,40872080,0.3799999952316284
1658519816.367015,40899960,0.3700000047683716
1658519944.7978637,40922264,0.4099999964237213
1658520010.848928,40933416,0.3799999952316284
1658520425.929105,41005904,0.3700000047683716
1658520487.0897589,41017056,0.3799999952316284
1658520578.9881198,41033784,0.41999998688697815
1658520733.0331771,41061664,0.4000000059604645
1658520855.5770907,41083968,0.4300000071525574
1658521168.2830353,41139728,0.4099999964237213
1658521416.4410224,41184336,0.38999998569488525
1658522413.8916647,41362768,0.38999998569488525
1658522630.8684268,41401800,0.3100000023841858
1658522970.0819163,41463136,0.38999998569488525
1658522999.9624221,41468712,0.4099999964237213
1658523093.2362719,41485440,0.44999998807907104
1658523185.3809705,41502168,0.4099999964237213
1658523738.4023724,41602536,0.4000000059604645
1658523871.033791,41624840,0.4300000071525574
1658524006.7210774,41647144,0.3499999940395355
1658524072.793998,41658296,0.46000000834465027
1658524462.2387064,41725208,0.4399999976158142
1658525245.3831818,41859032,0.41999998688697815
1658525472.4700048,41898064,0.36000001430511475
1658525635.8517268,41925944,0.4399999976158142
1658525899.9741669,41970552,0.41999998688697815
1658526095.4549518,42004008,0.4099999964237213
1658526453.3103917,42065344,0.4399999976158142
1658526717.305597,42109952,0.3700000047683716
1658526783.250816,42121104,0.4300000071525574
1658526980.5394282,42154560,0.38999998569488525
1658527177.7965574,42188016,0.36000001430511475
1658527561.0036223,42254928,0.4000000059604645
1658527837.0989878,42305112,0.3400000035762787
1658528053.2513313,42344144,0.4399999976158142
1658528274.3543668,42383176,0.36000001430511475
1658528337.013808,42394328,0.4000000059604645
1658528399.5632763,42405480,0.4300000071525574
1658528492.670368,42422208,0.4300000071525574
1658529449.648152,42595064,0.4099999964237213
1658529480.4023209,42600640,0.4300000071525574
1658529634.5961757,42628520,0.44999998807907104
1658529665.947456,42634096,0.38999998569488525
1658530069.789185,42706584,0.38999998569488525
1658530131.1658514,42717736,0.38999998569488525
1658530161.914371,42723312,0.3799999952316284
1658530904.06549,42857136,0.38999998569488525
1658532076.6586885,43057872,0.41999998688697815
1658532271.8830905,43091328,0.5
1658532303.8897374,43096904,0.44999998807907104
1658532367.9120312,43108056,0.38999998569488525
1658533214.088504,43253032,0.46000000834465027
1658533245.974334,43258608,0.4300000071525574
1658533309.8129861,43269760,0.4000000059604645
1658533341.354268,43275336,0.3499999940395355
1658533373.5930119,43280912,0.4000000059604645
1658533474.5159178,43297640,0.4099999964237213
1658534159.7612376,43414736,0.33000001311302185
1658534456.4300725,43464920,0.3499999940395355
1658534491.0102694,43470496,0.4000000059604645
1658534947.3538575,43548560,0.4300000071525574
1658535323.9341543,43615472,0.46000000834465027
1658535877.9019613,43710264,0.4099999964237213
1658536008.3905563,43732568,0.3700000047683716
1658536273.3449297,43777176,0.44999998807907104
1658536439.6674123,43805056,0.4000000059604645
1658536471.378556,43810632,0.3400000035762787
1658536667.2456434,43844088,0.41999998688697815
1658536865.0975354,43877544,0.33000001311302185
1658537326.8201888,43955608,0.30000001192092896
1658537757.5072386,44028096,0.41999998688697815
1658537957.0480316,44061552,0.4099999964237213
1658538382.7612214,44134040,0.4399999976158142
1658538447.5365095,44145192,0.3700000047683716
1658538480.9007201,44150768,0.4399999976158142
1658538676.0618384,44184224,0.4099999964237213
1658538776.0158432,44200952,0.4099999964237213
1658538841.1481864,44212104,0.4000000059604645
1658538873.9117033,44217680,0.3400000035762787
1658539105.2051163,44256712,0.41999998688697815
1658539841.4137216,44384960,0.4399999976158142
1658540685.7850425,44535512,0.4099999964237213
1658540901.7210224,44574544,0.4300000071525574
1658541708.4664023,44719520,0.3499999940395355
1658541923.216462,44758552,0.4399999976158142
1658542016.6279821,44775280,0.36000001430511475
1658542048.758567,44780856,0.38999998569488525
1658542111.1626658,44792008,0.44999998807907104
1658542543.5302544,44870072,0.4000000059604645
1658542797.2602084,44914680,0.4399999976158142
1658543016.8033035,44953712,0.33000001311302185
1658543144.1921203,44976016,0.44999998807907104
1658543515.935378,45042928,0.38999998569488525
1658543547.1712754,45048504,0.3799999952316284
1658543765.1819003,45087536,0.3700000047683716
1658544107.7898521,45148872,0.4099999964237213
1658544924.691403,45293848,0.41999998688697815
1658545178.465167,45338456,0.44999998807907104
1658545564.5215223,45405368,0.4099999964237213
1658545631.6349213,45416520,0.44999998807907104
1658545797.069632,45444400,0.41999998688697815
1658546255.7799838,45522464,0.4099999964237213
1658546290.2191646,45528040,0.4399999976158142
1658546357.9470284,45539192,0.38999998569488525
1658546954.247443,45639560,0.4099999964237213
1658546987.6469462,45645136,0.4699999988079071
1658547218.667504,45684168,0.4000000059604645
1658547480.2968414,45728776,0.38999998569488525
1658547514.2100904,45734352,0.4000000059604645
1658547645.05008,45756656,0.44999998807907104
1658548004.266911,45817992,0.4300000071525574
1658548037.9006102,45823568,0.4699999988079071
1658548435.2178698,45890480,0.49000000953674316
1658548468.7146404,45896056,0.4399999976158142
1658549272.8566144,46035456,0.4399999976158142
1658549966.3056438,46158128,0.41999998688697815
1658550156.1452394,46191584,0.47999998927116394
1658550250.223904,46208312,0.4399999976158142
1658550281.3892798,46213888,0.3700000047683716
1658550404.9488268,46236192,0.47999998927116394
1658550561.377028,46264072,0.4300000071525574
1658550717.473195,46291952,0.4300000071525574
1658552009.3954663,46520568,0.4300000071525574
1658552230.8555546,46559600,0.4300000071525574
1658552327.2190912,46576328,0.4300000071525574
1658552674.2011373,46637664,0.41999998688697815
1658552772.1303332,46654392,0.47999998927116394
1658552971.112051,46687848,0.49000000953674316
1658553133.8507233,46715728,0.4099999964237213
1658553397.129306,46760336,0.4399999976158142
1658553431.4532008,46765912,0.5
1658553802.7396948,46827248,0.41999998688697815
1658554260.75925,46905312,0.4399999976158142
1658554425.7644997,46933192,0.41999998688697815
1658555080.7713077,47044712,0.44999998807907104
1658555743.0745716,47156232,0.3700000047683716
1658555776.5741887,47161808,0.41999998688697815
1658555909.1173134,47184112,0.41999998688697815
1658556861.630997,47351392,0.44999998807907104
1658557270.0183182,47423880,0.4699999988079071
1658557798.1197708,47518672,0.5
1658558079.5083108,47568856,0.41999998688697815
1658558361.8405514,47619040,0.4399999976158142
1658558641.399044,47669224,0.4300000071525574
1658558830.683315,47702680,0.46000000834465027
1658558861.4563196,47708256,0.49000000953674316
1658559110.2198498,47752864,0.44999998807907104
1658559481.1911333,47819776,0.44999998807907104
1658560311.7629423,47964752,0.44999998807907104
1658560474.2107685,47992632,0.46000000834465027
1658560869.6999698,48059544,0.4399999976158142
1658560935.8880706,48070696,0.4699999988079071
1658560968.285945,48076272,0.44999998807907104
1658561163.5445347,48109728,0.5099999904632568
1658562178.2307408,48282584,0.4699999988079071
1658562211.775211,48288160,0.5
1658562345.7680037,48310464,0.4399999976158142
1658563300.4900026,48472168,0.46000000834465027
1658563365.304693,48483320,0.46000000834465027
1658563552.996071,48516776,0.49000000953674316
1658563957.3027606,48589264,0.4399999976158142
1658564112.849685,48617144,0.4399999976158142
1658564301.2001421,48650600,0.4300000071525574
1658564925.151811,48762120,0.5
1658565175.7929378,48806728,0.3799999952316284
1658565238.4582324,48817880,0.5199999809265137
1658565393.2697926,48845760,0.38999998569488525
1658565581.8857584,48879216,0.4099999964237213
1658565924.0040941,48940552,0.3799999952316284
1658565986.03196,48951704,0.41999998688697815
1658566297.7872767,49007464,0.4000000059604645
1658566640.2201533,49068800,0.5199999809265137
1658566765.8082056,49091104,0.44999998807907104
1658566828.8777554,49102256,0.44999998807907104
1658567050.4957917,49141288,0.4399999976158142
1658567318.6996405,49185896,0.47999998927116394
1658567417.630262,49202624,0.5199999809265137
1658567482.137702,49213776,0.46000000834465027
1658567741.5960753,49258384,0.4399999976158142
1658568776.5184464,49436816,0.44999998807907104
1658568937.5361924,49464696,0.41999998688697815
1658569156.3481221,49503728,0.44999998807907104
1658569513.105892,49565064,0.4000000059604645
1658569677.772143,49592944,0.4000000059604645
1658569711.9732678,49598520,0.46000000834465027
1658569938.474842,49637552,0.4699999988079071
1658570290.1591337,49698888,0.4399999976158142
1658570453.621647,49726768,0.46000000834465027
1658570582.16088,49749072,0.44999998807907104
1658571200.493853,49855016,0.5
1658572052.5716207,49999992,0.46000000834465027
1658572084.457082,50005568,0.4699999988079071
